{
    "addr": [
        {"이름":"조지현", "거주지":"종로", "취미":["잠자기", "먹기"]},
        {"이름":"유준우", "거주지":"평택", "취미":["독서", "영화보기"]},
        {"이름":"이경준", "거주지":"시흥", "취미":["영화보기", "맛집가기"]},
        {"이름":"고가연", "거주지":"시흥", "취미":["등산", "영화보기"]},
        {"이름":"양온유", "거주지":"화성", "취미":["수영", "독서", "등산"]},
        {"이름":"강승현", "거주지":"오산", "취미":["등산", "맛집가기"]},
        {"이름":"주세현", "거주지":"화성", "취미":["잠자기", "음악"]}
    ],
    "성적표": [
        {"이름":"조지현", "국어":100, "영어":100, "수학":100},
        {"이름":"유준우", "국어":100, "영어":100, "수학":100},
        {"이름":"이경준", "국어":100, "영어":100, "수학":100},
        {"이름":"고가연", "국어":100, "영어":100, "수학":100},
        {"이름":"양온유", "국어":100, "영어":100, "수학":100},
        {"이름":"강승현", "국어":100, "영어":100, "수학":100},
        {"이름":"주세현", "국어":100, "영어":100, "수학":100}
    ],
    "주소록": [
        {"이름":"조지현", "주소":"서울시 강남구", "전화":"010-4494-9814"},
        {"이름":"유준우", "주소":"서울시 강남구", "전화":"010-4494-9814"},
        {"이름":"이경준", "주소":"서울시 강남구", "전화":"010-4494-9814"},
        {"이름":"고가연", "주소":"서울시 강남구", "전화":"010-4494-9814"},
        {"이름":"양온유", "주소":"서울시 강남구", "전화":"010-4494-9814"},
        {"이름":"강승현", "주소":"서울시 강남구", "전화":"010-4494-9814"},
        {"이름":"주세현", "주소":"서울시 강남구", "전화":"010-4494-9814"}
    ]
}